<annotation>
	<folder>Pencil</folder>
	<filename>pencil (3).png</filename>
	<path>C:\Users\kyarn\Documents\ATA\Assignment\Pencil\pencil (3).png</path>
	<source>
		<database>Unknown</database>
	</source>
	<size>
		<width>958</width>
		<height>636</height>
		<depth>3</depth>
	</size>
	<segmented>0</segmented>
	<object>
		<name>Pencil</name>
		<pose>Unspecified</pose>
		<truncated>0</truncated>
		<difficult>0</difficult>
		<bndbox>
			<xmin>256</xmin>
			<ymin>14</ymin>
			<xmax>717</xmax>
			<ymax>626</ymax>
		</bndbox>
	</object>
</annotation>
