<annotation>
	<folder>Pencil</folder>
	<filename>pencil (34).png</filename>
	<path>C:\Users\kyarn\Documents\ATA\Assignment\Pencil\pencil (34).png</path>
	<source>
		<database>Unknown</database>
	</source>
	<size>
		<width>411</width>
		<height>299</height>
		<depth>3</depth>
	</size>
	<segmented>0</segmented>
	<object>
		<name>Pencil</name>
		<pose>Unspecified</pose>
		<truncated>0</truncated>
		<difficult>0</difficult>
		<bndbox>
			<xmin>33</xmin>
			<ymin>56</ymin>
			<xmax>390</xmax>
			<ymax>223</ymax>
		</bndbox>
	</object>
</annotation>
