<annotation>
	<folder>Pencil</folder>
	<filename>pencil (38).png</filename>
	<path>C:\Users\kyarn\Documents\ATA\Assignment\Pencil\pencil (38).png</path>
	<source>
		<database>Unknown</database>
	</source>
	<size>
		<width>748</width>
		<height>338</height>
		<depth>3</depth>
	</size>
	<segmented>0</segmented>
	<object>
		<name>Pencil</name>
		<pose>Unspecified</pose>
		<truncated>0</truncated>
		<difficult>0</difficult>
		<bndbox>
			<xmin>115</xmin>
			<ymin>137</ymin>
			<xmax>687</xmax>
			<ymax>179</ymax>
		</bndbox>
	</object>
</annotation>
