<annotation>
	<folder>Pencil</folder>
	<filename>pencil (21).png</filename>
	<path>C:\Users\kyarn\Documents\ATA\Assignment\Pencil\pencil (21).png</path>
	<source>
		<database>Unknown</database>
	</source>
	<size>
		<width>720</width>
		<height>592</height>
		<depth>3</depth>
	</size>
	<segmented>0</segmented>
	<object>
		<name>Pencil</name>
		<pose>Unspecified</pose>
		<truncated>0</truncated>
		<difficult>0</difficult>
		<bndbox>
			<xmin>72</xmin>
			<ymin>14</ymin>
			<xmax>657</xmax>
			<ymax>588</ymax>
		</bndbox>
	</object>
</annotation>
