<annotation>
	<folder>Pencil</folder>
	<filename>pencil (15).png</filename>
	<path>C:\Users\kyarn\Documents\ATA\Assignment\Pencil\pencil (15).png</path>
	<source>
		<database>Unknown</database>
	</source>
	<size>
		<width>573</width>
		<height>555</height>
		<depth>3</depth>
	</size>
	<segmented>0</segmented>
	<object>
		<name>Pencil</name>
		<pose>Unspecified</pose>
		<truncated>0</truncated>
		<difficult>0</difficult>
		<bndbox>
			<xmin>19</xmin>
			<ymin>12</ymin>
			<xmax>559</xmax>
			<ymax>547</ymax>
		</bndbox>
	</object>
</annotation>
