<annotation>
	<folder>Pencil</folder>
	<filename>pencil (36).png</filename>
	<path>C:\Users\kyarn\Documents\ATA\Assignment\Pencil\pencil (36).png</path>
	<source>
		<database>Unknown</database>
	</source>
	<size>
		<width>795</width>
		<height>508</height>
		<depth>3</depth>
	</size>
	<segmented>0</segmented>
	<object>
		<name>Pencil</name>
		<pose>Unspecified</pose>
		<truncated>1</truncated>
		<difficult>0</difficult>
		<bndbox>
			<xmin>12</xmin>
			<ymin>75</ymin>
			<xmax>795</xmax>
			<ymax>438</ymax>
		</bndbox>
	</object>
</annotation>
