<annotation>
	<folder>Pencil</folder>
	<filename>pencil (4).png</filename>
	<path>C:\Users\kyarn\Documents\ATA\Assignment\Pencil\pencil (4).png</path>
	<source>
		<database>Unknown</database>
	</source>
	<size>
		<width>682</width>
		<height>617</height>
		<depth>3</depth>
	</size>
	<segmented>0</segmented>
	<object>
		<name>Pencil</name>
		<pose>Unspecified</pose>
		<truncated>1</truncated>
		<difficult>0</difficult>
		<bndbox>
			<xmin>166</xmin>
			<ymin>1</ymin>
			<xmax>487</xmax>
			<ymax>610</ymax>
		</bndbox>
	</object>
</annotation>
