<annotation>
	<folder>Pencil</folder>
	<filename>pencil.png</filename>
	<path>C:\Users\kyarn\Documents\ATA\Assignment\Pencil\pencil.png</path>
	<source>
		<database>Unknown</database>
	</source>
	<size>
		<width>1066</width>
		<height>623</height>
		<depth>3</depth>
	</size>
	<segmented>0</segmented>
	<object>
		<name>Pencil</name>
		<pose>Unspecified</pose>
		<truncated>0</truncated>
		<difficult>0</difficult>
		<bndbox>
			<xmin>52</xmin>
			<ymin>12</ymin>
			<xmax>869</xmax>
			<ymax>615</ymax>
		</bndbox>
	</object>
</annotation>
