<annotation>
	<folder>Pencil</folder>
	<filename>pencil (57).png</filename>
	<path>C:\Users\kyarn\Documents\ATA\Assignment\Pencil\pencil (57).png</path>
	<source>
		<database>Unknown</database>
	</source>
	<size>
		<width>886</width>
		<height>431</height>
		<depth>3</depth>
	</size>
	<segmented>0</segmented>
	<object>
		<name>Pencil</name>
		<pose>Unspecified</pose>
		<truncated>0</truncated>
		<difficult>0</difficult>
		<bndbox>
			<xmin>25</xmin>
			<ymin>92</ymin>
			<xmax>873</xmax>
			<ymax>397</ymax>
		</bndbox>
	</object>
</annotation>
