<annotation>
	<folder>Pencil</folder>
	<filename>pencil (10).png</filename>
	<path>C:\Users\kyarn\Documents\ATA\Assignment\Pencil\pencil (10).png</path>
	<source>
		<database>Unknown</database>
	</source>
	<size>
		<width>886</width>
		<height>431</height>
		<depth>3</depth>
	</size>
	<segmented>0</segmented>
	<object>
		<name>Pencil</name>
		<pose>Unspecified</pose>
		<truncated>0</truncated>
		<difficult>0</difficult>
		<bndbox>
			<xmin>20</xmin>
			<ymin>87</ymin>
			<xmax>869</xmax>
			<ymax>409</ymax>
		</bndbox>
	</object>
</annotation>
