<annotation>
	<folder>Pencil</folder>
	<filename>pencil (27).png</filename>
	<path>C:\Users\kyarn\Documents\ATA\Assignment\Pencil\pencil (27).png</path>
	<source>
		<database>Unknown</database>
	</source>
	<size>
		<width>547</width>
		<height>527</height>
		<depth>3</depth>
	</size>
	<segmented>0</segmented>
	<object>
		<name>Pencil</name>
		<pose>Unspecified</pose>
		<truncated>0</truncated>
		<difficult>0</difficult>
		<bndbox>
			<xmin>86</xmin>
			<ymin>117</ymin>
			<xmax>398</xmax>
			<ymax>526</ymax>
		</bndbox>
	</object>
</annotation>
