<annotation>
	<folder>Pencil</folder>
	<filename>pencil (55).png</filename>
	<path>C:\Users\kyarn\Documents\ATA\Assignment\Pencil\pencil (55).png</path>
	<source>
		<database>Unknown</database>
	</source>
	<size>
		<width>775</width>
		<height>650</height>
		<depth>3</depth>
	</size>
	<segmented>0</segmented>
	<object>
		<name>Pencil</name>
		<pose>Unspecified</pose>
		<truncated>0</truncated>
		<difficult>0</difficult>
		<bndbox>
			<xmin>117</xmin>
			<ymin>13</ymin>
			<xmax>733</xmax>
			<ymax>638</ymax>
		</bndbox>
	</object>
</annotation>
