<annotation>
	<folder>Pencil</folder>
	<filename>pencil (31).png</filename>
	<path>C:\Users\kyarn\Documents\ATA\Assignment\Pencil\pencil (31).png</path>
	<source>
		<database>Unknown</database>
	</source>
	<size>
		<width>697</width>
		<height>566</height>
		<depth>3</depth>
	</size>
	<segmented>0</segmented>
	<object>
		<name>Pencil</name>
		<pose>Unspecified</pose>
		<truncated>1</truncated>
		<difficult>0</difficult>
		<bndbox>
			<xmin>28</xmin>
			<ymin>30</ymin>
			<xmax>697</xmax>
			<ymax>553</ymax>
		</bndbox>
	</object>
</annotation>
