<annotation>
	<folder>Pencil</folder>
	<filename>pencil (60).png</filename>
	<path>C:\Users\kyarn\Documents\ATA\Assignment\Pencil\pencil (60).png</path>
	<source>
		<database>Unknown</database>
	</source>
	<size>
		<width>425</width>
		<height>242</height>
		<depth>3</depth>
	</size>
	<segmented>0</segmented>
	<object>
		<name>Pencil</name>
		<pose>Unspecified</pose>
		<truncated>0</truncated>
		<difficult>0</difficult>
		<bndbox>
			<xmin>177</xmin>
			<ymin>93</ymin>
			<xmax>238</xmax>
			<ymax>152</ymax>
		</bndbox>
	</object>
</annotation>
