<annotation>
	<folder>Pencil</folder>
	<filename>pencil (22).png</filename>
	<path>C:\Users\kyarn\Documents\ATA\Assignment\Pencil\pencil (22).png</path>
	<source>
		<database>Unknown</database>
	</source>
	<size>
		<width>784</width>
		<height>495</height>
		<depth>3</depth>
	</size>
	<segmented>0</segmented>
	<object>
		<name>Pencil</name>
		<pose>Unspecified</pose>
		<truncated>0</truncated>
		<difficult>0</difficult>
		<bndbox>
			<xmin>5</xmin>
			<ymin>148</ymin>
			<xmax>718</xmax>
			<ymax>352</ymax>
		</bndbox>
	</object>
</annotation>
