<annotation>
	<folder>Pencil</folder>
	<filename>pencil (39).png</filename>
	<path>C:\Users\kyarn\Documents\ATA\Assignment\Pencil\pencil (39).png</path>
	<source>
		<database>Unknown</database>
	</source>
	<size>
		<width>352</width>
		<height>125</height>
		<depth>3</depth>
	</size>
	<segmented>0</segmented>
	<object>
		<name>Pencil</name>
		<pose>Unspecified</pose>
		<truncated>0</truncated>
		<difficult>0</difficult>
		<bndbox>
			<xmin>12</xmin>
			<ymin>59</ymin>
			<xmax>347</xmax>
			<ymax>78</ymax>
		</bndbox>
	</object>
</annotation>
