<annotation>
	<folder>Pencil</folder>
	<filename>pencil (65).png</filename>
	<path>C:\Users\kyarn\Documents\ATA\Assignment\Pencil\pencil (65).png</path>
	<source>
		<database>Unknown</database>
	</source>
	<size>
		<width>342</width>
		<height>186</height>
		<depth>3</depth>
	</size>
	<segmented>0</segmented>
	<object>
		<name>Pencil</name>
		<pose>Unspecified</pose>
		<truncated>0</truncated>
		<difficult>0</difficult>
		<bndbox>
			<xmin>23</xmin>
			<ymin>76</ymin>
			<xmax>290</xmax>
			<ymax>139</ymax>
		</bndbox>
	</object>
</annotation>
