<annotation>
	<folder>Pencil</folder>
	<filename>pencil (33).png</filename>
	<path>C:\Users\kyarn\Documents\ATA\Assignment\Pencil\pencil (33).png</path>
	<source>
		<database>Unknown</database>
	</source>
	<size>
		<width>563</width>
		<height>551</height>
		<depth>3</depth>
	</size>
	<segmented>0</segmented>
	<object>
		<name>Pencil</name>
		<pose>Unspecified</pose>
		<truncated>0</truncated>
		<difficult>0</difficult>
		<bndbox>
			<xmin>18</xmin>
			<ymin>13</ymin>
			<xmax>547</xmax>
			<ymax>543</ymax>
		</bndbox>
	</object>
</annotation>
