<annotation>
	<folder>Pencil</folder>
	<filename>pencil (23).png</filename>
	<path>C:\Users\kyarn\Documents\ATA\Assignment\Pencil\pencil (23).png</path>
	<source>
		<database>Unknown</database>
	</source>
	<size>
		<width>797</width>
		<height>508</height>
		<depth>3</depth>
	</size>
	<segmented>0</segmented>
	<object>
		<name>Pencil</name>
		<pose>Unspecified</pose>
		<truncated>1</truncated>
		<difficult>0</difficult>
		<bndbox>
			<xmin>9</xmin>
			<ymin>66</ymin>
			<xmax>797</xmax>
			<ymax>445</ymax>
		</bndbox>
	</object>
</annotation>
