<annotation>
	<folder>Pencil</folder>
	<filename>pencil (56).png</filename>
	<path>C:\Users\kyarn\Documents\ATA\Assignment\Pencil\pencil (56).png</path>
	<source>
		<database>Unknown</database>
	</source>
	<size>
		<width>486</width>
		<height>582</height>
		<depth>3</depth>
	</size>
	<segmented>0</segmented>
	<object>
		<name>Pencil</name>
		<pose>Unspecified</pose>
		<truncated>0</truncated>
		<difficult>0</difficult>
		<bndbox>
			<xmin>230</xmin>
			<ymin>36</ymin>
			<xmax>313</xmax>
			<ymax>559</ymax>
		</bndbox>
	</object>
</annotation>
