<annotation>
	<folder>Pencil</folder>
	<filename>pencil (29).png</filename>
	<path>C:\Users\kyarn\Documents\ATA\Assignment\Pencil\pencil (29).png</path>
	<source>
		<database>Unknown</database>
	</source>
	<size>
		<width>312</width>
		<height>556</height>
		<depth>3</depth>
	</size>
	<segmented>0</segmented>
	<object>
		<name>Pencil</name>
		<pose>Unspecified</pose>
		<truncated>0</truncated>
		<difficult>0</difficult>
		<bndbox>
			<xmin>37</xmin>
			<ymin>16</ymin>
			<xmax>293</xmax>
			<ymax>554</ymax>
		</bndbox>
	</object>
</annotation>
