<annotation>
	<folder>Pencil</folder>
	<filename>pencil (30).png</filename>
	<path>C:\Users\kyarn\Documents\ATA\Assignment\Pencil\pencil (30).png</path>
	<source>
		<database>Unknown</database>
	</source>
	<size>
		<width>1076</width>
		<height>621</height>
		<depth>3</depth>
	</size>
	<segmented>0</segmented>
	<object>
		<name>Pencil</name>
		<pose>Unspecified</pose>
		<truncated>0</truncated>
		<difficult>0</difficult>
		<bndbox>
			<xmin>126</xmin>
			<ymin>3</ymin>
			<xmax>1033</xmax>
			<ymax>607</ymax>
		</bndbox>
	</object>
</annotation>
