<annotation>
	<folder>Pencil</folder>
	<filename>pencil (59).png</filename>
	<path>C:\Users\kyarn\Documents\ATA\Assignment\Pencil\pencil (59).png</path>
	<source>
		<database>Unknown</database>
	</source>
	<size>
		<width>435</width>
		<height>286</height>
		<depth>3</depth>
	</size>
	<segmented>0</segmented>
	<object>
		<name>Pencil</name>
		<pose>Unspecified</pose>
		<truncated>0</truncated>
		<difficult>0</difficult>
		<bndbox>
			<xmin>122</xmin>
			<ymin>198</ymin>
			<xmax>290</xmax>
			<ymax>251</ymax>
		</bndbox>
	</object>
</annotation>
