<annotation>
	<folder>Pencil</folder>
	<filename>pencil (24).png</filename>
	<path>C:\Users\kyarn\Documents\ATA\Assignment\Pencil\pencil (24).png</path>
	<source>
		<database>Unknown</database>
	</source>
	<size>
		<width>804</width>
		<height>589</height>
		<depth>3</depth>
	</size>
	<segmented>0</segmented>
	<object>
		<name>Pencil</name>
		<pose>Unspecified</pose>
		<truncated>0</truncated>
		<difficult>0</difficult>
		<bndbox>
			<xmin>209</xmin>
			<ymin>5</ymin>
			<xmax>788</xmax>
			<ymax>524</ymax>
		</bndbox>
	</object>
</annotation>
