<annotation>
	<folder>Pencil</folder>
	<filename>pencil (13).png</filename>
	<path>C:\Users\kyarn\Documents\ATA\Assignment\Pencil\pencil (13).png</path>
	<source>
		<database>Unknown</database>
	</source>
	<size>
		<width>721</width>
		<height>558</height>
		<depth>3</depth>
	</size>
	<segmented>0</segmented>
	<object>
		<name>Pencil</name>
		<pose>Unspecified</pose>
		<truncated>0</truncated>
		<difficult>0</difficult>
		<bndbox>
			<xmin>24</xmin>
			<ymin>14</ymin>
			<xmax>707</xmax>
			<ymax>552</ymax>
		</bndbox>
	</object>
</annotation>
