<annotation>
	<folder>Pencil</folder>
	<filename>pencil (61).png</filename>
	<path>C:\Users\kyarn\Documents\ATA\Assignment\Pencil\pencil (61).png</path>
	<source>
		<database>Unknown</database>
	</source>
	<size>
		<width>439</width>
		<height>189</height>
		<depth>3</depth>
	</size>
	<segmented>0</segmented>
	<object>
		<name>Pencil</name>
		<pose>Unspecified</pose>
		<truncated>0</truncated>
		<difficult>0</difficult>
		<bndbox>
			<xmin>161</xmin>
			<ymin>22</ymin>
			<xmax>330</xmax>
			<ymax>167</ymax>
		</bndbox>
	</object>
</annotation>
