<annotation>
	<folder>Pencil</folder>
	<filename>pencil (47).png</filename>
	<path>C:\Users\kyarn\Documents\ATA\Assignment\Pencil\pencil (47).png</path>
	<source>
		<database>Unknown</database>
	</source>
	<size>
		<width>651</width>
		<height>489</height>
		<depth>3</depth>
	</size>
	<segmented>0</segmented>
	<object>
		<name>Pencil</name>
		<pose>Unspecified</pose>
		<truncated>0</truncated>
		<difficult>0</difficult>
		<bndbox>
			<xmin>33</xmin>
			<ymin>13</ymin>
			<xmax>636</xmax>
			<ymax>475</ymax>
		</bndbox>
	</object>
</annotation>
