<annotation>
	<folder>Pencil</folder>
	<filename>pencil (8).png</filename>
	<path>C:\Users\kyarn\Documents\ATA\Assignment\Pencil\pencil (8).png</path>
	<source>
		<database>Unknown</database>
	</source>
	<size>
		<width>775</width>
		<height>650</height>
		<depth>3</depth>
	</size>
	<segmented>0</segmented>
	<object>
		<name>Pencil</name>
		<pose>Unspecified</pose>
		<truncated>0</truncated>
		<difficult>0</difficult>
		<bndbox>
			<xmin>122</xmin>
			<ymin>11</ymin>
			<xmax>730</xmax>
			<ymax>632</ymax>
		</bndbox>
	</object>
</annotation>
