<annotation>
	<folder>Pencil</folder>
	<filename>pencil (32).png</filename>
	<path>C:\Users\kyarn\Documents\ATA\Assignment\Pencil\pencil (32).png</path>
	<source>
		<database>Unknown</database>
	</source>
	<size>
		<width>515</width>
		<height>369</height>
		<depth>3</depth>
	</size>
	<segmented>0</segmented>
	<object>
		<name>Pencil</name>
		<pose>Unspecified</pose>
		<truncated>0</truncated>
		<difficult>0</difficult>
		<bndbox>
			<xmin>31</xmin>
			<ymin>6</ymin>
			<xmax>502</xmax>
			<ymax>305</ymax>
		</bndbox>
	</object>
</annotation>
