<annotation>
	<folder>Pencil</folder>
	<filename>pencil (50).png</filename>
	<path>C:\Users\kyarn\Documents\ATA\Assignment\Pencil\pencil (50).png</path>
	<source>
		<database>Unknown</database>
	</source>
	<size>
		<width>958</width>
		<height>636</height>
		<depth>3</depth>
	</size>
	<segmented>0</segmented>
	<object>
		<name>Pencil</name>
		<pose>Unspecified</pose>
		<truncated>0</truncated>
		<difficult>0</difficult>
		<bndbox>
			<xmin>252</xmin>
			<ymin>12</ymin>
			<xmax>721</xmax>
			<ymax>628</ymax>
		</bndbox>
	</object>
</annotation>
