<annotation>
	<folder>Pencil</folder>
	<filename>pencil (25).png</filename>
	<path>C:\Users\kyarn\Documents\ATA\Assignment\Pencil\pencil (25).png</path>
	<source>
		<database>Unknown</database>
	</source>
	<size>
		<width>606</width>
		<height>599</height>
		<depth>3</depth>
	</size>
	<segmented>0</segmented>
	<object>
		<name>Pencil</name>
		<pose>Unspecified</pose>
		<truncated>0</truncated>
		<difficult>0</difficult>
		<bndbox>
			<xmin>65</xmin>
			<ymin>19</ymin>
			<xmax>548</xmax>
			<ymax>582</ymax>
		</bndbox>
	</object>
</annotation>
