<annotation>
	<folder>Pencil</folder>
	<filename>pencil (28).png</filename>
	<path>C:\Users\kyarn\Documents\ATA\Assignment\Pencil\pencil (28).png</path>
	<source>
		<database>Unknown</database>
	</source>
	<size>
		<width>580</width>
		<height>222</height>
		<depth>3</depth>
	</size>
	<segmented>0</segmented>
	<object>
		<name>Pencil</name>
		<pose>Unspecified</pose>
		<truncated>0</truncated>
		<difficult>0</difficult>
		<bndbox>
			<xmin>27</xmin>
			<ymin>125</ymin>
			<xmax>562</xmax>
			<ymax>158</ymax>
		</bndbox>
	</object>
</annotation>
