<annotation>
	<folder>Pencil</folder>
	<filename>pencil (45).png</filename>
	<path>C:\Users\kyarn\Documents\ATA\Assignment\Pencil\pencil (45).png</path>
	<source>
		<database>Unknown</database>
	</source>
	<size>
		<width>421</width>
		<height>580</height>
		<depth>3</depth>
	</size>
	<segmented>0</segmented>
	<object>
		<name>Pencil</name>
		<pose>Unspecified</pose>
		<truncated>0</truncated>
		<difficult>0</difficult>
		<bndbox>
			<xmin>176</xmin>
			<ymin>78</ymin>
			<xmax>250</xmax>
			<ymax>523</ymax>
		</bndbox>
	</object>
</annotation>
