<annotation>
	<folder>Pencil</folder>
	<filename>pencil (20).png</filename>
	<path>C:\Users\kyarn\Documents\ATA\Assignment\Pencil\pencil (20).png</path>
	<source>
		<database>Unknown</database>
	</source>
	<size>
		<width>868</width>
		<height>483</height>
		<depth>3</depth>
	</size>
	<segmented>0</segmented>
	<object>
		<name>Pencil</name>
		<pose>Unspecified</pose>
		<truncated>0</truncated>
		<difficult>0</difficult>
		<bndbox>
			<xmin>14</xmin>
			<ymin>101</ymin>
			<xmax>857</xmax>
			<ymax>415</ymax>
		</bndbox>
	</object>
</annotation>
