<annotation>
	<folder>Pencil</folder>
	<filename>pencil (40).png</filename>
	<path>C:\Users\kyarn\Documents\ATA\Assignment\Pencil\pencil (40).png</path>
	<source>
		<database>Unknown</database>
	</source>
	<size>
		<width>240</width>
		<height>443</height>
		<depth>3</depth>
	</size>
	<segmented>0</segmented>
	<object>
		<name>Pencil</name>
		<pose>Unspecified</pose>
		<truncated>0</truncated>
		<difficult>0</difficult>
		<bndbox>
			<xmin>99</xmin>
			<ymin>35</ymin>
			<xmax>142</xmax>
			<ymax>418</ymax>
		</bndbox>
	</object>
</annotation>
