<annotation>
	<folder>Pencil</folder>
	<filename>pencil (7).png</filename>
	<path>C:\Users\kyarn\Documents\ATA\Assignment\Pencil\pencil (7).png</path>
	<source>
		<database>Unknown</database>
	</source>
	<size>
		<width>607</width>
		<height>643</height>
		<depth>3</depth>
	</size>
	<segmented>0</segmented>
	<object>
		<name>Pencil</name>
		<pose>Unspecified</pose>
		<truncated>0</truncated>
		<difficult>0</difficult>
		<bndbox>
			<xmin>149</xmin>
			<ymin>7</ymin>
			<xmax>468</xmax>
			<ymax>621</ymax>
		</bndbox>
	</object>
</annotation>
