<annotation>
	<folder>Pencil</folder>
	<filename>pencil (35).png</filename>
	<path>C:\Users\kyarn\Documents\ATA\Assignment\Pencil\pencil (35).png</path>
	<source>
		<database>Unknown</database>
	</source>
	<size>
		<width>467</width>
		<height>293</height>
		<depth>3</depth>
	</size>
	<segmented>0</segmented>
	<object>
		<name>Pencil</name>
		<pose>Unspecified</pose>
		<truncated>0</truncated>
		<difficult>0</difficult>
		<bndbox>
			<xmin>6</xmin>
			<ymin>50</ymin>
			<xmax>376</xmax>
			<ymax>245</ymax>
		</bndbox>
	</object>
</annotation>
