<annotation>
	<folder>Pencil</folder>
	<filename>pencil (14).png</filename>
	<path>C:\Users\kyarn\Documents\ATA\Assignment\Pencil\pencil (14).png</path>
	<source>
		<database>Unknown</database>
	</source>
	<size>
		<width>674</width>
		<height>509</height>
		<depth>3</depth>
	</size>
	<segmented>0</segmented>
	<object>
		<name>Pencil</name>
		<pose>Unspecified</pose>
		<truncated>0</truncated>
		<difficult>0</difficult>
		<bndbox>
			<xmin>66</xmin>
			<ymin>16</ymin>
			<xmax>651</xmax>
			<ymax>458</ymax>
		</bndbox>
	</object>
</annotation>
