<annotation>
	<folder>Pencil</folder>
	<filename>pencil (16).png</filename>
	<path>C:\Users\kyarn\Documents\ATA\Assignment\Pencil\pencil (16).png</path>
	<source>
		<database>Unknown</database>
	</source>
	<size>
		<width>605</width>
		<height>597</height>
		<depth>3</depth>
	</size>
	<segmented>0</segmented>
	<object>
		<name>Pencil</name>
		<pose>Unspecified</pose>
		<truncated>1</truncated>
		<difficult>0</difficult>
		<bndbox>
			<xmin>7</xmin>
			<ymin>1</ymin>
			<xmax>605</xmax>
			<ymax>593</ymax>
		</bndbox>
	</object>
</annotation>
