<annotation>
	<folder>Pencil</folder>
	<filename>pencil (12).png</filename>
	<path>C:\Users\kyarn\Documents\ATA\Assignment\Pencil\pencil (12).png</path>
	<source>
		<database>Unknown</database>
	</source>
	<size>
		<width>742</width>
		<height>543</height>
		<depth>3</depth>
	</size>
	<segmented>0</segmented>
	<object>
		<name>Pencil</name>
		<pose>Unspecified</pose>
		<truncated>1</truncated>
		<difficult>0</difficult>
		<bndbox>
			<xmin>86</xmin>
			<ymin>1</ymin>
			<xmax>656</xmax>
			<ymax>542</ymax>
		</bndbox>
	</object>
</annotation>
