<annotation>
	<folder>Lily2</folder>
	<filename>Lily (37).jpeg</filename>
	<path>C:\Users\kyarn\Documents\ATA\Assignment\Lily2\Lily (37).jpeg</path>
	<source>
		<database>Unknown</database>
	</source>
	<size>
		<width>1920</width>
		<height>1080</height>
		<depth>3</depth>
	</size>
	<segmented>0</segmented>
	<object>
		<name>Lily</name>
		<pose>Unspecified</pose>
		<truncated>0</truncated>
		<difficult>0</difficult>
		<bndbox>
			<xmin>354</xmin>
			<ymin>229</ymin>
			<xmax>809</xmax>
			<ymax>686</ymax>
		</bndbox>
	</object>
	<object>
		<name>Lily</name>
		<pose>Unspecified</pose>
		<truncated>0</truncated>
		<difficult>0</difficult>
		<bndbox>
			<xmin>729</xmin>
			<ymin>190</ymin>
			<xmax>1158</xmax>
			<ymax>666</ymax>
		</bndbox>
	</object>
	<object>
		<name>Lily</name>
		<pose>Unspecified</pose>
		<truncated>0</truncated>
		<difficult>0</difficult>
		<bndbox>
			<xmin>1138</xmin>
			<ymin>339</ymin>
			<xmax>1546</xmax>
			<ymax>823</ymax>
		</bndbox>
	</object>
</annotation>
