<annotation>
	<folder>Lily2</folder>
	<filename>Lily (64).jpeg</filename>
	<path>C:\Users\kyarn\Documents\ATA\Assignment\Lily2\Lily (64).jpeg</path>
	<source>
		<database>Unknown</database>
	</source>
	<size>
		<width>1920</width>
		<height>1080</height>
		<depth>3</depth>
	</size>
	<segmented>0</segmented>
	<object>
		<name>Lily</name>
		<pose>Unspecified</pose>
		<truncated>0</truncated>
		<difficult>0</difficult>
		<bndbox>
			<xmin>428</xmin>
			<ymin>459</ymin>
			<xmax>902</xmax>
			<ymax>873</ymax>
		</bndbox>
	</object>
	<object>
		<name>Lily</name>
		<pose>Unspecified</pose>
		<truncated>0</truncated>
		<difficult>0</difficult>
		<bndbox>
			<xmin>1196</xmin>
			<ymin>398</ymin>
			<xmax>1625</xmax>
			<ymax>797</ymax>
		</bndbox>
	</object>
	<object>
		<name>Lily</name>
		<pose>Unspecified</pose>
		<truncated>0</truncated>
		<difficult>0</difficult>
		<bndbox>
			<xmin>831</xmin>
			<ymin>266</ymin>
			<xmax>1174</xmax>
			<ymax>629</ymax>
		</bndbox>
	</object>
</annotation>
