<annotation>
	<folder>Lily2</folder>
	<filename>Lily (4).jpeg</filename>
	<path>C:\Users\kyarn\Documents\ATA\Assignment\Lily2\Lily (4).jpeg</path>
	<source>
		<database>Unknown</database>
	</source>
	<size>
		<width>1920</width>
		<height>1080</height>
		<depth>3</depth>
	</size>
	<segmented>0</segmented>
	<object>
		<name>Lily</name>
		<pose>Unspecified</pose>
		<truncated>0</truncated>
		<difficult>0</difficult>
		<bndbox>
			<xmin>374</xmin>
			<ymin>378</ymin>
			<xmax>986</xmax>
			<ymax>1057</ymax>
		</bndbox>
	</object>
	<object>
		<name>Lily</name>
		<pose>Unspecified</pose>
		<truncated>0</truncated>
		<difficult>0</difficult>
		<bndbox>
			<xmin>1102</xmin>
			<ymin>342</ymin>
			<xmax>1624</xmax>
			<ymax>879</ymax>
		</bndbox>
	</object>
</annotation>
