<annotation>
	<folder>Lily2</folder>
	<filename>Lily (8).jpeg</filename>
	<path>C:\Users\kyarn\Documents\ATA\Assignment\Lily2\Lily (8).jpeg</path>
	<source>
		<database>Unknown</database>
	</source>
	<size>
		<width>1920</width>
		<height>1080</height>
		<depth>3</depth>
	</size>
	<segmented>0</segmented>
	<object>
		<name>Lily</name>
		<pose>Unspecified</pose>
		<truncated>0</truncated>
		<difficult>0</difficult>
		<bndbox>
			<xmin>917</xmin>
			<ymin>523</ymin>
			<xmax>1346</xmax>
			<ymax>898</ymax>
		</bndbox>
	</object>
	<object>
		<name>Lily</name>
		<pose>Unspecified</pose>
		<truncated>0</truncated>
		<difficult>0</difficult>
		<bndbox>
			<xmin>861</xmin>
			<ymin>197</ymin>
			<xmax>1305</xmax>
			<ymax>512</ymax>
		</bndbox>
	</object>
	<object>
		<name>Lily</name>
		<pose>Unspecified</pose>
		<truncated>0</truncated>
		<difficult>0</difficult>
		<bndbox>
			<xmin>616</xmin>
			<ymin>463</ymin>
			<xmax>888</xmax>
			<ymax>728</ymax>
		</bndbox>
	</object>
</annotation>
