<annotation>
	<folder>Lily2</folder>
	<filename>Lily (52).jpeg</filename>
	<path>C:\Users\kyarn\Documents\ATA\Assignment\Lily2\Lily (52).jpeg</path>
	<source>
		<database>Unknown</database>
	</source>
	<size>
		<width>1920</width>
		<height>1080</height>
		<depth>3</depth>
	</size>
	<segmented>0</segmented>
	<object>
		<name>Lily</name>
		<pose>Unspecified</pose>
		<truncated>0</truncated>
		<difficult>0</difficult>
		<bndbox>
			<xmin>858</xmin>
			<ymin>563</ymin>
			<xmax>1296</xmax>
			<ymax>890</ymax>
		</bndbox>
	</object>
	<object>
		<name>Lily</name>
		<pose>Unspecified</pose>
		<truncated>0</truncated>
		<difficult>0</difficult>
		<bndbox>
			<xmin>961</xmin>
			<ymin>190</ymin>
			<xmax>1315</xmax>
			<ymax>504</ymax>
		</bndbox>
	</object>
	<object>
		<name>Lily</name>
		<pose>Unspecified</pose>
		<truncated>0</truncated>
		<difficult>0</difficult>
		<bndbox>
			<xmin>627</xmin>
			<ymin>255</ymin>
			<xmax>993</xmax>
			<ymax>625</ymax>
		</bndbox>
	</object>
</annotation>
